label,n,pre_mean,pre_std,post_mean,post_std,improvement,t_statistic,p_value,wilcoxon_p,cohens_d,significant
normal_products,63,42.6031746031746,30.469730978273784,64.03174603174604,21.405432121813302,21.428571428571438,4.940025322898334,6.227491892831567e-06,6.854316986741602e-05,0.6223846892738355,True
ah_products,63,43.6031746031746,24.22910784941739,63.61904761904762,21.94305575466951,20.01587301587302,5.783702951824941,2.5751070930861075e-07,1.5797396690147137e-06,0.7286780794094754,True
personal_products,63,49.095238095238095,22.393629772278548,60.96825396825397,23.308567062672576,11.873015873015873,3.351544688775193,0.0013729046406386596,0.0017058506829905097,0.42225494068659675,True
