label,n,pre_mean,pre_std,post_mean,post_std,improvement,t_statistic,p_value,wilcoxon_p,cohens_d,significant
normal_products,105,45.82857142857143,30.333865671776923,64.51428571428572,21.608898757097858,18.68571428571429,6.163546578100784,1.369413691436566e-08,3.6179835411975567e-07,0.6015005555190238,True
ah_products,105,44.51428571428571,23.704151813275523,64.24761904761905,22.205673630672443,19.73333333333334,7.346403040833157,4.763492353716993e-11,1.0486433156951022e-09,0.7169355263458402,True
personal_products,105,53.98095238095238,22.91454901970704,59.24761904761905,24.8157754386743,5.266666666666666,1.9126745303291777,0.05854055132885749,0.11039311153194631,0.1866579213675046,False
